{
    "nodes": {
        "0": {
            "x": 789.3877990940086,
            "y": 396.0
        },
        "1": {
            "x": 781.8186043040403,
            "y": 459.26479812836584
        },
        "2": {
            "x": 762.97070752636,
            "y": 526.0358635286508
        },
        "3": {
            "x": 704.6853852275282,
            "y": 563.463999563448
        },
        "4": {
            "x": 645.7724896588444,
            "y": 610.218433883902
        },
        "5": {
            "x": 573.3770428976163,
            "y": 592.3565471561525
        },
        "6": {
            "x": 515.5685366575124,
            "y": 556.0959907271288
        },
        "7": {
            "x": 442.3511173136736,
            "y": 534.9959163670251
        },
        "8": {
            "x": 409.8006693858259,
            "y": 468.13865679504545
        },
        "9": {
            "x": 417.65817109274633,
            "y": 396.0
        },
        "10": {
            "x": 386.42691015782384,
            "y": 315.3539905830569
        },
        "11": {
            "x": 426.18423981057924,
            "y": 243.43846268284042
        },
        "12": {
            "x": 506.66650912601614,
            "y": 220.48524529794295
        },
        "13": {
            "x": 568.9959421140265,
            "y": 174.79699561996168
        },
        "14": {
            "x": 643.4545200651075,
            "y": 194.9274249314841
        },
        "15": {
            "x": 707.5337634998566,
            "y": 223.6024645497034
        },
        "16": {
            "x": 773.8436920303745,
            "y": 256.84061918423413
        },
        "17": {
            "x": 827.2451814391117,
            "y": 316.2012799498705
        },
        "18": {
            "x": 274.0776711694759,
            "y": 188.95
        },
        "19": {
            "x": 239.65657380954596,
            "y": 276.7763621158749
        },
        "20": {
            "x": 147.60602438741367,
            "y": 260.55986634788815
        },
        "21": {
            "x": 104.79208396308913,
            "y": 188.95
        },
        "22": {
            "x": 142.1056179180761,
            "y": 107.81315018493873
        },
        "23": {
            "x": 227.1825741533316,
            "y": 122.72923906228502
        },
        "24": {
            "x": 1116.0285824128296,
            "y": 604.05
        },
        "25": {
            "x": 1077.5125419514407,
            "y": 691.4536865389713
        },
        "26": {
            "x": 988.8784794806213,
            "y": 670.1650129417218
        },
        "27": {
            "x": 943.0729463049768,
            "y": 604.05
        },
        "28": {
            "x": 978.0113282668184,
            "y": 519.1125290224378
        },
        "29": {
            "x": 1067.4880973539684,
            "y": 534.00916082151
        }
    },
    "adj_list": {
        "0": [
            "5",
            "4",
            "7",
            "12",
            "11",
            "10"
        ],
        "1": [
            "9",
            "8",
            "5",
            "2",
            "12",
            "3",
            "16"
        ],
        "2": [
            "11",
            "3",
            "15",
            "7",
            "14",
            "1"
        ],
        "3": [
            "10",
            "13",
            "2",
            "17",
            "1",
            "9"
        ],
        "4": [
            "0",
            "15",
            "13"
        ],
        "5": [
            "0",
            "17",
            "1",
            "10"
        ],
        "6": [
            "15",
            "16",
            "10",
            "12"
        ],
        "7": [
            "11",
            "0",
            "15",
            "2"
        ],
        "8": [
            "9",
            "1"
        ],
        "9": [
            "8",
            "1",
            "17",
            "10",
            "3"
        ],
        "10": [
            "3",
            "13",
            "11",
            "6",
            "5",
            "9",
            "0"
        ],
        "11": [
            "2",
            "7",
            "15",
            "10",
            "0",
            "12"
        ],
        "12": [
            "16",
            "0",
            "11",
            "1",
            "6"
        ],
        "13": [
            "3",
            "10",
            "16",
            "4"
        ],
        "14": [
            "2"
        ],
        "15": [
            "6",
            "11",
            "4",
            "7",
            "2"
        ],
        "16": [
            "12",
            "6",
            "13",
            "1",
            "17"
        ],
        "17": [
            "5",
            "3",
            "9",
            "16"
        ],
        "18": [
            "22",
            "21",
            "20"
        ],
        "19": [
            "22",
            "23",
            "21"
        ],
        "20": [
            "22",
            "23",
            "18"
        ],
        "21": [
            "18",
            "19"
        ],
        "22": [
            "19",
            "20",
            "18",
            "23"
        ],
        "23": [
            "22",
            "19",
            "20"
        ],
        "24": [
            "29",
            "25",
            "28",
            "27"
        ],
        "25": [
            "27",
            "24",
            "26",
            "28"
        ],
        "26": [
            "25"
        ],
        "27": [
            "25",
            "29",
            "24",
            "28"
        ],
        "28": [
            "24",
            "25",
            "27"
        ],
        "29": [
            "24",
            "27"
        ]
    }
}