{
    "nodes": {
        "0": {
            "x": 827.0380461559153,
            "y": 396.0
        },
        "1": {
            "x": 777.7717925745093,
            "y": 471.5872720104223
        },
        "2": {
            "x": 748.06721729742,
            "y": 551.5604044478147
        },
        "3": {
            "x": 671.0288063742853,
            "y": 589.9827197459443
        },
        "4": {
            "x": 583.294698472362,
            "y": 631.0552426854103
        },
        "5": {
            "x": 493.8972371498828,
            "y": 593.6317825403858
        },
        "6": {
            "x": 433.4615855259956,
            "y": 522.8095808859906
        },
        "7": {
            "x": 393.23534608989837,
            "y": 441.64963640338345
        },
        "8": {
            "x": 397.2656689674668,
            "y": 351.20703516989255
        },
        "9": {
            "x": 428.27761232417566,
            "y": 265.42404211884707
        },
        "10": {
            "x": 489.3705342032847,
            "y": 190.52773796533492
        },
        "11": {
            "x": 587.232940806226,
            "y": 198.41463018802168
        },
        "12": {
            "x": 666.8376254234864,
            "y": 214.91640886765154
        },
        "13": {
            "x": 726.7847941803972,
            "y": 264.07612101184105
        },
        "14": {
            "x": 821.9750742254748,
            "y": 300.7321590137954
        },
        "15": {
            "x": 279.76971934502694,
            "y": 188.95
        },
        "16": {
            "x": 212.62073734553832,
            "y": 261.80103864116273
        },
        "17": {
            "x": 119.55046900566104,
            "y": 239.37171069101342
        },
        "18": {
            "x": 118.93408133695036,
            "y": 138.0804574539302
        },
        "19": {
            "x": 216.06805741294158,
            "y": 105.48920114001626
        },
        "20": {
            "x": 1115.7456034383545,
            "y": 604.05
        },
        "21": {
            "x": 1057.6724717103295,
            "y": 698.2962770504965
        },
        "22": {
            "x": 947.5926299544279,
            "y": 661.7791585015673
        },
        "23": {
            "x": 950.4057202632804,
            "y": 548.3646712429337
        },
        "24": {
            "x": 1051.2602879914123,
            "y": 529.5383952185587
        }
    },
    "adj_list": {
        "0": [
            "8",
            "6",
            "3",
            "13",
            "5"
        ],
        "1": [
            "11",
            "10",
            "2",
            "3",
            "12"
        ],
        "2": [
            "7",
            "12",
            "6",
            "1",
            "4"
        ],
        "3": [
            "4",
            "5",
            "0",
            "1"
        ],
        "4": [
            "3",
            "2",
            "6",
            "14",
            "8",
            "12"
        ],
        "5": [
            "14",
            "13",
            "8",
            "12",
            "3",
            "0"
        ],
        "6": [
            "2",
            "8",
            "7",
            "0",
            "4",
            "10",
            "12",
            "14"
        ],
        "7": [
            "2",
            "12",
            "6",
            "14"
        ],
        "8": [
            "0",
            "11",
            "5",
            "12",
            "6",
            "14",
            "13",
            "4"
        ],
        "9": [
            "12",
            "11"
        ],
        "10": [
            "1",
            "13",
            "6",
            "11"
        ],
        "11": [
            "13",
            "8",
            "1",
            "10",
            "9"
        ],
        "12": [
            "2",
            "9",
            "7",
            "5",
            "8",
            "13",
            "1",
            "6",
            "4"
        ],
        "13": [
            "11",
            "5",
            "10",
            "12",
            "14",
            "8",
            "0"
        ],
        "14": [
            "5",
            "8",
            "7",
            "13",
            "4",
            "6"
        ],
        "15": [
            "19",
            "16",
            "18",
            "17"
        ],
        "16": [
            "19",
            "15",
            "17"
        ],
        "17": [
            "15",
            "19",
            "16",
            "18"
        ],
        "18": [
            "15",
            "19",
            "17"
        ],
        "19": [
            "15",
            "16",
            "18",
            "17"
        ],
        "20": [
            "24",
            "23",
            "21",
            "22"
        ],
        "21": [
            "23",
            "20",
            "22"
        ],
        "22": [
            "20",
            "23",
            "21",
            "24"
        ],
        "23": [
            "24",
            "21",
            "20",
            "22"
        ],
        "24": [
            "23",
            "20",
            "22"
        ]
    }
}