{
    "nodes": {
        "0": {
            "x": 789.2319958640661,
            "y": 396.0
        },
        "1": {
            "x": 774.0515572586052,
            "y": 491.8699112826122
        },
        "2": {
            "x": 718.3286016908946,
            "y": 587.0947436566589
        },
        "3": {
            "x": 608.0,
            "y": 623.8225233928915
        },
        "4": {
            "x": 493.3560741588479,
            "y": 594.5691043360341
        },
        "5": {
            "x": 421.081966869726,
            "y": 503.91717674415906
        },
        "6": {
            "x": 377.4271275746883,
            "y": 396.0
        },
        "7": {
            "x": 414.75148220387257,
            "y": 284.4279162299097
        },
        "8": {
            "x": 490.20197303520393,
            "y": 191.96783226560478
        },
        "9": {
            "x": 608.0,
            "y": 170.36775441668607
        },
        "10": {
            "x": 706.3659676997183,
            "y": 225.6251462084089
        },
        "11": {
            "x": 772.9645804417385,
            "y": 300.7576550752085
        },
        "12": {
            "x": 284.1569758387009,
            "y": 188.95
        },
        "13": {
            "x": 188.95,
            "y": 287.38718299670296
        },
        "14": {
            "x": 90.68917034469384,
            "y": 188.95
        },
        "15": {
            "x": 188.94999999999996,
            "y": 93.18528050543259
        },
        "16": {
            "x": 1114.6091177357548,
            "y": 604.05
        },
        "17": {
            "x": 1027.05,
            "y": 692.8419552098901
        },
        "18": {
            "x": 927.3127191016877,
            "y": 604.05
        },
        "19": {
            "x": 1027.05,
            "y": 511.99892595471795
        }
    },
    "adj_list": {
        "0": [
            "10",
            "1",
            "6",
            "5"
        ],
        "1": [
            "4",
            "0",
            "3",
            "9",
            "11"
        ],
        "2": [
            "4",
            "6",
            "8",
            "5"
        ],
        "3": [
            "5",
            "1"
        ],
        "4": [
            "2",
            "1",
            "8",
            "7",
            "9"
        ],
        "5": [
            "3",
            "2",
            "0"
        ],
        "6": [
            "10",
            "7",
            "2",
            "0",
            "9"
        ],
        "7": [
            "6",
            "10",
            "4"
        ],
        "8": [
            "4",
            "2"
        ],
        "9": [
            "1",
            "4",
            "6"
        ],
        "10": [
            "6",
            "7",
            "0",
            "11"
        ],
        "11": [
            "10",
            "1"
        ],
        "12": [
            "13",
            "14"
        ],
        "13": [
            "12",
            "14"
        ],
        "14": [
            "12",
            "13",
            "15"
        ],
        "15": [
            "14"
        ],
        "16": [
            "19",
            "17"
        ],
        "17": [
            "16",
            "19"
        ],
        "18": [
            "19"
        ],
        "19": [
            "16",
            "18",
            "17"
        ]
    }
}